"qb","first_name","last_name","season","games_started","spread_val","spread_val_wow","spread_val_ytd","rank","win_pct","average_qb_elo","average_qb_elo_era_adj","headshot_url","team","gsis_id","espn_id","birth_date","height","weight","jersey_number","college","unique_id","position","qb_plays","pass_atts","pass_comp","inc","int","td","passing_yards","sacks","sack_yards","rush_atts","rush_yards","rush_tds","yards_p_att","td_rate","int_rate","comp_pct","td_int_net_rate","yards_per_carry","any_a","passer_rating","adot","v_sticks","cpoe","total_epa","avg_epa","succsess_rate","qb_rush_epa_delta","sack_epa_delta","incomplete_epa_delta","interception_epa_delta","completion_air_epa_delta","completion_yac_epa_delta","net_penalty_epa_delta","other_outcome_epa_delta","wpa","wins","losses","ties","comebacks","total_wpa","games_played","qbr_total","team_nick","team_logo_espn","team_color","team_color2"
"Lamar Jackson","Lamar","Jackson","2024","10","4.770646200000001","0.486869200000001","2.893691600000001","1.0","0.7","342.223618","172.740073","https://static.www.nfl.com/image/upload/f_auto,q_auto/league/cruqs6qpbykh7a2whd7p","BAL","00-0034796","3916387.0","1997-01-07","74.0","212.0","8.0","Louisville","00-0034796_2024","#8","327.0","284","199.0","83.0","2.0","24.0","2669.0","13.0","-94.0","81","524.0","2.0","9.397887323943662","0.0845070422535211","0.0070422535211267","0.7007042253521126","0.0774647887323943","6.469135802469136","9.983164983164984","124.86795774647888","8.109154929577464","-1.4929577464788732","5.898587632246376","138.8377774875","0.3436578650680693","0.5445544554455446","0.0045522151110509","0.0489384217845751","0.0619780293235346","0.0507568421016805","0.0781173877172097","0.0637547471714793","-0.0206141042370604","2.0911030531416025e-05","0.0080947595437673","7","3","0","3","3.2702828556820003","10","77.0","Ravens","https://a.espncdn.com/i/teamlogos/nfl/500/bal.png","#241773","#9E7C0C"
"Josh Allen","Joshua","Allen","2024","10","2.7548178000000005","-0.2992167999999992","-0.6372735999999998","2.0","0.8","230.7594062","61.27586120000001","https://static.www.nfl.com/image/upload/f_auto,q_auto/league/lq4ezafbszwwt2qsvhqv","BUF","00-0034857","3918298.0","1996-05-21","77.0","237.0","17.0","Wyoming","00-0034857_2024","#17","337.0","298","190.0","104.0","4.0","17.0","2281.0","13.0","-61.0","50","266.0","4.0","7.654362416107382","0.0570469798657718","0.0134228187919463","0.6375838926174496","0.0436241610738255","5.32","7.652733118971061","100.53131991051454","7.74496644295302","-1.3691275167785235","1.044553780141844","103.39654140251","0.266485931449768","0.5128865979381443","0.0402860042537987","0.0519785347227194","0.0101068715117299","0.0222415198525225","-0.0108130581847245","0.1015762139438586","-0.00516834266413","0.0001247794688655","0.0064505065157087","8","2","0","2","2.502796528095","10","70.0","Bills","https://a.espncdn.com/i/teamlogos/nfl/500/buf.png","#00338D","#C60C30"
"Kyler Murray","Kyler","Murray","2024","10","2.256959400000001","0.7914372000000003","1.1776884000000007","3.0","0.6","242.3512942","72.8677492","https://static.www.nfl.com/image/upload/f_auto,q_auto/league/lsladvvsaptc29bbcah2","ARI","00-0035228","3917315.0","1997-08-07","70.0","207.0","1.0","Oklahoma","00-0035228_2024","#1","311.0","276","191.0","82.0","3.0","12.0","2058.0","15.0","-88.0","38","379.0","4.0","7.456521739130435","0.0434782608695652","0.0108695652173913","0.6920289855072463","0.0326086956521739","9.973684210526317","7.130584192439863","100.78502415458937","7.307971014492754","-1.355072463768116","2.395363937269373","60.6287287169","0.1757354455562318","0.5159420289855072","0.0280747682132578","0.0309175556251548","0.0229459822313549","0.0442616504299915","0.0234115757906736","-0.0330344409746606","0.0029788127860418","2.612729092745563e-05","0.0043213991139934","6","4","0","2","1.49088269432774","10","75.5","Cardinals","https://a.espncdn.com/i/teamlogos/nfl/500/ari.png","#97233F","#000000"
"Joe Burrow","Joe","Burrow","2024","10","2.2139390000000003","0.4865152","1.5624796000000003","4.0","0.4","247.053771","77.570226","https://static.www.nfl.com/image/private/f_auto,q_auto/league/jzzqz5ubkilrn9dpxtlp","CIN","00-0036442","3915511.0","1996-12-10","76.0","216.0","9.0","Louisiana State","00-0036442_2024","#9","395.0","358","246.0","108.0","4.0","24.0","2672.0","23.0","-124.0","20","130.0","1.0","7.463687150837988","0.0670391061452514","0.0111731843575419","0.6871508379888268","0.0558659217877094","6.5","7.475065616797901","108.1354748603352","7.187150837988827","-0.8100558659217877","5.212539728197674","90.0374565515","0.2143748965511904","0.5261904761904762","-0.0064041270255827","0.0197379973798132","-0.0125503131122268","0.0331942019413787","0.0402928059868537","0.0698370069677099","0.0141028637622322","1.1049926641741346e-05","0.0070078831696095","4","6","0","0","2.943310931236","10","74.4","Bengals","https://a.espncdn.com/i/teamlogos/nfl/500/cin.png","#FB4F14","#000000"
"Jalen Hurts","Jalen","Hurts","2024","9","1.9803538000000005","0.0893024000000002","0.7263495999999998","5.0","0.7777777777777778","226.428936","56.945391","https://static.www.nfl.com/image/upload/f_auto,q_auto/league/k2p5yb4qmqwoo3qcapgt","PHI","00-0036389","4040715.0","1998-08-07","73.0","218.0","1.0","Oklahoma","00-0036389_2024","#1","284.0","234","164.0","65.0","5.0","12.0","1976.0","26.0","-193.0","77","392.0","10.0","8.444444444444445","0.0512820512820512","0.0213675213675213","0.7008547008547008","0.0299145299145299","5.090909090909091","6.915384615384616","103.8639601139601","8.320512820512821","-0.3418803418803419","8.496444765909091","60.939192714","0.1736159336581196","0.5128205128205128","0.0951657661946452","-0.0501501587709804","0.0430485031723681","0.0310152039194007","0.0609307752437097","-0.0369487635037329","-0.0256249335843285","2.612729092745563e-05","0.0049505839908376","7","2","0","1","1.737654980784","9","64.4","Eagles","https://a.espncdn.com/i/teamlogos/nfl/500/phi.png","#004C54","#A5ACAF"
"Patrick Mahomes","Patrick","Mahomes","2024","9","1.8179006000000004","-0.1101499999999998","-1.4060227999999997","6.0","1.0","177.6294922222222","8.145947222222231","https://static.www.nfl.com/image/upload/f_auto,q_auto/league/qrdbvu4iqy7wkqg8jq8d","KC","00-0033873","3139477.0","1995-09-17","74.0","230.0","15.0","Texas Tech","00-0033873_2024","#15","354.0","310","216.0","85.0","9.0","12.0","2208.0","20.0","-124.0","24","192.0","1.0","7.122580645161291","0.0387096774193548","0.0290322580645161","0.6967741935483871","0.0096774193548387","8.0","5.815151515151515","90.63172043010752","5.790322580645161","-2.535483870967742","4.101139294827586","51.744867379","0.1387261860026809","0.514745308310992","0.0214175653173127","0.0284260392644678","0.0461168521349645","-0.0451921196799668","-0.0791888214894701","0.1234103590978497","-0.0123010195857186","-0.0001160818109492","0.0071909517497855","9","0","0","2","2.68222500267","9","67.8","Chiefs","https://a.espncdn.com/i/teamlogos/nfl/500/kc.png","#E31837","#FFB612"
"Brock Purdy","Brock","Purdy","2024","9","1.1509590000000005","0.2011095999999997","0.6146727999999996","7.0","0.5555555555555556","207.1598741111111","37.67632911111112","https://static.www.nfl.com/image/upload/f_auto,q_auto/league/myvg8siij2bn9ecx7btm","SF","00-0037834","4361741.0","1999-12-27","73.0","212.0","13.0","Iowa State","00-0037834_2024","#13","327.0","277","181.0","89.0","7.0","12.0","2454.0","18.0","-85.0","40","231.0","3.0","8.859205776173285","0.0433212996389891","0.0252707581227436","0.6534296028880866","0.0180505415162454","5.775","7.776271186440678","97.36010830324908","9.173285198555956","0.2382671480144404","2.508795494444444","81.3514971729","0.2311122078775568","0.53125","0.0162039057553831","0.0320130441709387","-0.0148378863197485","-0.0060613390948766","0.2086646926098543","-0.0671877221490595","0.0060942467955115","6.98549869501829e-05","0.0049726144994318","5","4","0","0","1.7503603038","9","66.6","49ers","https://a.espncdn.com/i/teamlogos/nfl/500/sf.png","#AA0000","#B3995D"
"Kirk Cousins","Kirk","Cousins","2024","10","0.7712318000000005","-0.3319384000000002","-0.5270155999999997","8.0","0.6","172.8082545","3.32470950000001","https://static.www.nfl.com/image/upload/f_auto,q_auto/league/yt6n07jezvfmcsoq0j13","ATL","00-0029604","14880.0","1988-08-19","75.0","202.0","18.0","Michigan State","00-0029604_2024","#18","352.0","330","227.0","95.0","8.0","17.0","2634.0","20.0","-144.0","3","17.0","0.0","7.981818181818181","0.0515151515151515","0.0242424242424242","0.6878787878787879","0.0272727272727272","5.666666666666667","7.057142857142857","99.7348484848485","7.581818181818182","-1.824242424242424","2.9959292","53.4888924775","0.1407602433618421","0.5","-0.0313644286203195","0.0092603598635225","0.0077270293696653","-0.0193455184220297","0.0723439672497736","0.0428545616147023","0.0031047318035856","2.612729092745563e-05","0.0058237327106578","6","4","0","2","2.21301843005","10","58.0","Falcons","https://a.espncdn.com/i/teamlogos/nfl/500/atl.png","#A71930","#000000"
"Baker Mayfield","Baker","Mayfield","2024","10","0.6123030000000006","-0.3468407999999999","2.0879516","9.0","0.4","227.61634050000004","58.13279550000001","https://static.www.nfl.com/image/upload/f_auto,q_auto/league/xrbgtbyy8a7l0ux13hjy","TB","00-0034855","3052587.0","1995-04-14","73.0","215.0","6.0","Oklahoma","00-0034855_2024","#6","391.0","343","243.0","91.0","9.0","24.0","2505.0","24.0","-143.0","28","197.0","2.0","7.303206997084548","0.0699708454810495","0.0262390670553935","0.7084548104956269","0.0437317784256559","7.035714285714286","6.640326975476839","103.94193391642372","6.142857142857143","-2.825072886297376","1.5571480412979353","65.5223425725","0.1590348120691747","0.5121359223300971","-0.0119073534197574","0.0142548295030217","0.0505251155055493","-0.0140248948732305","-0.0986520411741124","0.1552677086099293","0.007391908039278","2.612729092745563e-05","0.0034715467272063","4","6","0","0","1.430277251609","10","56.0","Buccaneers","https://a.espncdn.com/i/teamlogos/nfl/500/tb.png","#A71930","#322F2B"
"Russell Wilson","Russell","Wilson","2024","3","0.5475466000000005","-0.4269971999999996","-0.2227643999999998","10.0","1.0","169.425438","-0.0581069999999878","https://static.www.nfl.com/image/upload/f_auto,q_auto/league/u36rhg0md8ey3b4khbre","PIT","00-0029263","14881.0","1988-11-29","71.0","215.0","3.0","Wisconsin","00-0029263_2024","#3","95.0","84","50.0","33.0","1.0","6.0","737.0","8.0","-46.0","6","17.0","1.0","8.773809523809524","0.0714285714285714","0.0119047619047619","0.5952380952380952","0.0595238095238095","2.833333333333333","8.326086956521738","107.09325396825398","10.023809523809524","0.9047619047619048","2.6266899113924054","24.887990269","0.2393075987403846","0.4423076923076923","-0.0168764686101981","-0.0320115032154248","-0.0679652873796261","0.0790400768360674","0.2114525042862311","0.0008022190182044","0.0086865131001443","2.612729092745563e-05","0.0062213415827884","3","0","0","2","0.64701952461","3","54.1","Steelers","https://a.espncdn.com/i/teamlogos/nfl/500/pit.png","#000000","#FFB612"
"Dak Prescott","Rayne","Prescott","2024","8","0.3993978000000004","-0.2125684000000001","-1.6085564","13.0","0.375","142.527525125","-26.956019874999992","https://static.www.nfl.com/image/upload/f_auto,q_auto/league/xmtaggdnhuyl4pdwtv8j","DAL","00-0033077","2577417.0","1993-07-29","74.0","238.0","4.0","Mississippi State","00-0033077_2024","#4","311.0","284","185.0","91.0","8.0","11.0","1978.0","21.0","-112.0","11","56.0","1.0","6.964788732394366","0.0387323943661971","0.028169014084507","0.6514084507042254","0.0105633802816901","5.090909090909091","5.659016393442623","86.56103286384976","7.98943661971831","-0.8732394366197183","-0.8513057148014439","-3.662696489199999","-0.0107410454228738","0.436950146627566","-0.0235797339660519","0.0125122228842818","-0.019543236850357","-0.0217247526487622","0.0023798910623928","-0.024216994082179","0.0080353491516332","-0.000757202738398","0.0038274425644536","3","5","0","0","1.3051579144787","8","46.9","Cowboys","https://a.espncdn.com/i/teamlogos/nfl/500/dal.png","#002244","#B0B7BC"
"Derek Carr","Derek","Carr","2024","7","0.2560978","0.2961032","0.1685635999999999","11.0","0.4285714285714285","183.3339752857143","13.850430285714294","https://static.www.nfl.com/image/upload/f_auto,q_auto/league/qsz1pyrlu6bmvby6maaf","NO","00-0031280","16757.0","1991-03-28","75.0","210.0","4.0","Fresno State","00-0031280_2024","#4","195.0","184","124.0","56.0","4.0","11.0","1494.0","6.0","-32.0","9","41.0","1.0","8.119565217391305","0.0597826086956521","0.0217391304347826","0.6739130434782609","0.0380434782608695","4.555555555555555","7.905263157894737","102.94384057971013","7.8478260869565215","-1.3043478260869563","4.395748619883041","35.711017494","0.1692465284075829","0.4360189573459715","-0.0426537037350614","0.0746568835144329","-0.02125776857403","-0.0057551906607426","-0.0037092456629577","0.1201295048417553","-0.0083434910180656","2.612729092745563e-05","0.0028448623545781","3","4","0","0","0.600265956816","7","61.4","Saints","https://a.espncdn.com/i/teamlogos/nfl/500/no.png","#D3BC8D","#000000"
"Justin Herbert","Justin","Herbert","2024","9","0.2140474000000006","0.3093036000000006","-0.2856623999999999","12.0","0.6666666666666666","158.01757555555554","-11.465969444444436","https://static.www.nfl.com/image/upload/f_auto,q_auto/league/vvwim9hpgq1zs3bufmr0","LAC","00-0036355","4038941.0","1998-03-10","78.0","237.0","10.0","Oregon","00-0036355_2024","#10","275.0","240","159.0","80.0","1.0","11.0","1889.0","21.0","-117.0","20","131.0","1.0","7.870833333333334","0.0458333333333333","0.0041666666666666","0.6625","0.0416666666666666","6.55","7.459770114942529","103.62847222222224","7.9875","-1.3041666666666667","2.2162214","30.948286206","0.1045550209662162","0.429054054054054","-0.0172927276985557","0.0044560538453859","-0.0239198119040543","0.0658734743802462","0.0138136677225616","0.0178368927791192","-0.0121018945090032","-0.000264045918532","0.0026222899446283","6","3","0","0","0.7761978236099999","9","59.7","Chargers","https://a.espncdn.com/i/teamlogos/nfl/500/lac.png","#007BC7","#ffc20e"
"Tua Tagovailoa","Tua","Tagovailoa","2024","5","0.1859730000000002","-0.3159307999999998","-0.0879208000000005","13.0","0.4","169.1449878","-0.3385571999999968","https://static.www.nfl.com/image/upload/f_auto,q_auto/league/xzdbwt2ezmxk3pjcsr1n","MIA","00-0036212","4241479.0","1998-03-02","73.0","218.0","1.0","Alabama","00-0036212_2024","#1","170.0","156","113.0","39.0","4.0","6.0","1155.0","9.0","-75.0","5","45.0","0.0","7.403846153846154","0.0384615384615384","0.0256410256410256","0.7243589743589743","0.0128205128205128","9.0","6.181818181818182","95.4326923076923","5.711538461538462","-3.0961538461538463","2.833067319078947","29.600853654","0.1681866684886363","0.5113636363636364","0.0133578592744172","0.0089880092845751","0.0317453342768424","-0.0306509399471493","-0.1516745545813388","0.2465449667196905","-0.0063035489715339","2.612729092745563e-05","0.0056088665696022","2","3","0","1","0.98716051625","5","52.1","Dolphins","https://a.espncdn.com/i/teamlogos/nfl/500/mia.png","#008E97","#F58220"
"Jayden Daniels","Jayden","Daniels","2024","10","0.1827326000000005","-0.4621651999999994","2.169084","14.0","0.7","228.7086395","59.2250945","https://static.www.nfl.com/image/upload/f_auto,q_auto/league/mh9rkwpmq1rgfarg9rpm","WAS","00-0039910","4426348.0","2000-12-18","76.0","210.0","5.0","Louisiana State","00-0039910_2024","#5","322.0","262","180.0","80.0","2.0","9.0","2147.0","20.0","-111.0","76","472.0","4.0","8.194656488549619","0.0343511450381679","0.0076335877862595","0.6870229007633588","0.0267175572519084","6.2105263157894735","7.539007092198582","101.7493638676845","7.690839694656488","-1.1641221374045805","4.660751906374501","102.4617193367","0.2725045727039893","0.5026595744680851","0.0538233839526087","0.0310317572367027","0.031719281271765","0.0613319360320575","0.0428281853033178","-0.0169003884283995","0.0124883409438432","2.8662351565753503e-05","0.0065994029588252","7","3","0","1","2.4813755125183","10","71.3","Commanders","https://a.espncdn.com/i/teamlogos/nfl/500/wsh.png","#5A1414","#FFB612"
"Jordan Love","Jordan","Love","2024","7","0.1810634000000004","-0.2200908000000004","-0.7728075999999998","14.0","0.5714285714285714","153.88371771428572","-15.599827285714271","https://static.www.nfl.com/image/upload/f_auto,q_auto/league/a8xqle2vmsnumawdhswb","GB","00-0036264","4036378.0","1998-11-02","76.0","220.0","10.0","Utah State","00-0036264_2024","#10","252.0","240","147.0","83.0","10.0","15.0","1820.0","7.0","-67.0","5","33.0","0.0","7.583333333333333","0.0625","0.0416666666666666","0.6125","0.0208333333333333","6.6","6.489878542510121","88.19444444444446","9.158333333333331","0.2","-1.2790357682403433","26.844289162800003","0.1005404088494382","0.4681647940074906","-0.007187946811725","0.0732518222527399","-0.025685343558321","-0.1058330891661653","0.0569500511251175","0.0202980440648768","0.0326106545013976","-1.7197055514491934e-05","0.0020434115797003","4","3","0","1","0.54559089178","7","55.5","Packers","https://a.espncdn.com/i/teamlogos/nfl/500/gb.png","#203731","#FFB612"
"Aaron Rodgers","Aaron","Rodgers","2024","10","0.0902650000000005","-0.5321884","-1.9315703999999996","15.0","0.3","133.0436033","-36.4399417","https://static.www.nfl.com/image/upload/f_auto,q_auto/league/jdcb4nomlc4rd6k5l6to","NYJ","00-0023459","8439.0","1983-12-02","74.0","225.0","8.0","California","00-0023459_2024","#8","382.0","351","219.0","125.0","7.0","15.0","2258.0","23.0","-177.0","9","46.0","0.0","6.433048433048433","0.0427350427350427","0.0199430199430199","0.6239316239316239","0.0227920227920227","5.111111111111111","5.524064171122995","86.81742640075973","6.871794871794871","-1.643874643874644","-2.3483496902654863","16.5980606085","0.0411862546116625","0.4392059553349876","-0.0355302523757068","0.0147397460649721","-0.0441209486904201","0.0115018259210549","0.0022035031519258","0.016373691654929","0.0198173084320302","4.7966517974602034e-05","0.0001205385287121","3","7","0","1","0.048577027071","10","52.1","Jets","https://a.espncdn.com/i/teamlogos/nfl/500/nyj.png","#003F2D","#000000"
"Jared Goff","Jared","Goff","2024","9","0.0558406000000002","-0.6492863999999997","-0.8448440000000005","16.0","0.8888888888888888","157.3614462222222","-12.122098777777769","https://static.www.nfl.com/image/upload/f_auto,q_auto/league/jxyaiwwkabzmmphouxil","DET","00-0033106","3046779.0","1994-10-14","76.0","223.0","16.0","California","00-0033106_2024","#16","265.0","240","173.0","58.0","9.0","16.0","2080.0","18.0","-147.0","8","29.0","0.0","8.666666666666666","0.0666666666666666","0.0375","0.7208333333333333","0.0291666666666666","3.625","7.162790697674419","104.8611111111111","6.895833333333333","-1.5666666666666669","5.836439375","43.3756876985","0.1577297734490909","0.4945454545454545","-0.0282913130346736","-0.0060815996154248","0.0378106723036605","-0.0525600164880585","-0.0384137999879297","0.2062234335602631","-0.017137147662443","2.612729092745563e-05","0.0015512670905781","8","1","0","2","0.426598449909","9","54.2","Lions","https://a.espncdn.com/i/teamlogos/nfl/500/det.png","#0076B6","#B0B7BC"
"Trevor Lawrence","Trevor","Lawrence","2024","9","-0.0338706000000001","-0.4441392000000007","-0.2643904000000009","15.0","0.2222222222222222","154.91270052222222","-14.570844477777772","https://static.www.nfl.com/image/upload/f_auto,q_auto/league/ftznnho2rk2xzrculbob","JAX","00-0036971","4360310.0","1999-10-06","78.0","220.0","16.0","Clemson","00-0036971_2024","#16","303.0","273","168.0","99.0","6.0","11.0","2004.0","18.0","-140.0","21","116.0","3.0","7.34065934065934","0.0402930402930402","0.0219780219780219","0.6153846153846154","0.0183150183150183","5.523809523809524","6.233676975945017","88.22496947496948","9.117216117216117","0.6153846153846154","-0.3499184122137403","13.0933576934","0.0405367111250773","0.4582043343653251","-0.0070936516388954","0.0032657074966494","-0.0471799864849012","0.0119033870423665","0.1148542977013525","-0.0838417370556226","-0.0075508439363524","2.612729092745563e-05","0.0002561581261362","2","7","0","0","0.0827390747420001","9","61.7","Jaguars","https://a.espncdn.com/i/teamlogos/nfl/500/jax.png","#006778","#000000"
"Geno Smith","Eugene","Smith","2024","9","-0.2287914","-0.4196468000000004","-0.0285576000000003","18.0","0.4444444444444444","171.97075","2.487205000000008","https://static.www.nfl.com/image/upload/f_auto,q_auto/league/izkm5yyxybb5uy5dkcgf","SEA","00-0030565","15864.0","1990-10-10","75.0","221.0","7.0","West Virginia","00-0030565_2024","#7","384.0","340","233.0","97.0","10.0","11.0","2560.0","28.0","-181.0","24","202.0","1.0","7.529411764705882","0.0323529411764705","0.0294117647058823","0.6852941176470588","0.0029411764705882","8.416666666666666","5.839673913043479","89.09313725490196","7.2","-2.361764705882353","2.922370904255319","22.2215995146","0.0517986002671328","0.4941724941724941","-0.01998913306824","0.0163738451994935","0.0312400078587188","-0.0403423350083382","-0.0340712804584425","0.0316855113958268","0.0106673830797481","8.118933987850458e-05","0.0018622391923562","4","5","0","0","0.79890061352083","9","52.0","Seahawks","https://a.espncdn.com/i/teamlogos/nfl/500/sea.png","#002244","#69be28"
"Justin Fields","Justin","Fields","2024","6","-0.3581705999999997","0.0865980000000001","0.5784483999999998","17.0","0.6666666666666666","181.4178383333333","11.934293333333338","https://static.www.nfl.com/image/upload/f_auto,q_auto/league/vqcvybvs1vlqhkjvujbg","PIT","00-0036945","4362887.0","1999-03-05","75.0","223.0","2.0","Ohio State","00-0036945_2024","#2","194.0","159","106.0","52.0","1.0","5.0","1106.0","16.0","-124.0","47","232.0","5.0","6.955974842767295","0.0314465408805031","0.0062893081761006","0.6666666666666666","0.0251572327044025","4.9361702127659575","5.925714285714286","94.48375262054508","7.654088050314465","-2.0817610062893084","2.6223634337748347","23.963572141","0.1006872779033613","0.4663865546218487","0.0244290803500475","-0.009838544265845","0.0395602560922549","0.0599589637340958","-0.0467877506305271","-0.0265922177755253","0.003777952094165","2.612729092745563e-05","0.0040290428508403","4","2","0","0","0.9589121985","6","53.8","Steelers","https://a.espncdn.com/i/teamlogos/nfl/500/pit.png","#000000","#FFB612"
"Mason Rudolph","Mason","Rudolph","2024","3","-0.5201914","0.1247655999999994","-0.0451848000000006","20.0","0.3333333333333333","149.51589166666668","-19.96765333333332","https://static.www.nfl.com/image/upload/f_auto,q_auto/league/pn938e0z2fobxmzfxmlh","TEN","00-0034771","3116407.0","1995-07-17","77.0","235.0","11.0","Oklahoma State","00-0034771_2024","#11","138.0","126","76.0","46.0","4.0","4.0","806.0","6.0","-38.0","10","60.0","1.0","6.396825396825397","0.0317460317460317","0.0317460317460317","0.6031746031746031","0.0","6.0","5.0606060606060606","76.3558201058201","7.674603174603175","-1.4126984126984128","-1.135159726495727","-5.906962324999999","-0.038861594243421","0.4605263157894737","0.0226454915375751","0.0520353553372067","-0.0579211717369135","-0.0623117528957139","0.0296594147009578","-0.092220665675166","0.0130721953167435","2.612729092745563e-05","0.0031128416803519","2","2","0","0","0.4731519354135","4","54.2","Titans","https://a.espncdn.com/i/teamlogos/nfl/500/ten.png","#002244","#4B92DB"
"Matthew Stafford","John","Stafford","2024","9","-0.6119117999999992","-0.1923063999999999","-0.9229868","17.0","0.4444444444444444","127.57239566666664","-41.91114933333333","https://static.www.nfl.com/image/upload/f_auto,q_auto/league/xdlnnbapdbk8trxqlasu","LA","00-0026498","12483.0","1988-02-07","75.0","220.0","9.0","Georgia","00-0026498_2024","#9","342.0","321","214.0","100.0","7.0","9.0","2262.0","21.0","-151.0","0","0.0","0.0","7.046728971962617","0.02803738317757","0.0218068535825545","0.6666666666666666","0.0062305295950155","","5.777777777777778","87.25986500519211","7.56386292834891","-1.031152647975078","-0.7603608706070287","14.8081456935","0.0409064798162983","0.505524861878453","-0.0368143157255827","-0.0069609407016127","-0.0245652937156864","-3.4462520604947033e-05","-0.0153724064001798","0.0239421830169719","0.044532177964679","2.612729092745563e-05","0.0026511760927486","4","5","0","2","0.959725745575","9","62.9","","","",""
"Bo Nix","Bo","Nix","2024","10","-0.7081437999999991","0.1461328000000003","1.2782076000000009","18.0","0.5","170.1683677","0.6848227000000051","https://static.www.nfl.com/image/upload/f_auto,q_auto/league/zibtvsprpauxnytis229","DEN","00-0039732","4426338.0","2000-02-25","74.0","217.0","10.0","Oregon","00-0039732_2024","#10","372.0","323","206.0","111.0","6.0","10.0","1968.0","17.0","-135.0","51","303.0","4.0","6.0928792569659445","0.0309597523219814","0.0185758513931888","0.6377708978328174","0.0123839009287925","5.941176470588236","5.185294117647059","83.19788441692467","8.074303405572756","-0.7801857585139319","-0.5983776900958466","-26.9085105826","-0.0648397845363855","0.416867469879518","0.0140504448045377","0.0396245666399968","-0.0084602549683656","0.0279173411636392","-0.0531420836709746","-0.1104676256110078","-0.0305747176396609","5.913277478287732e-05","-0.002265122687592","5","5","0","1","-0.9400259153507","10","54.5","Broncos","https://a.espncdn.com/i/teamlogos/nfl/500/den.png","#002244","#FB4F14"
"Jameis Winston","Jameis","Winston","2024","2","-1.1247061999999994","-0.7531383999999991","-0.2436083999999994","24.0","0.5","114.835405","-54.648139999999984","https://static.www.nfl.com/image/upload/f_auto,q_auto/league/chdeosreuupotgq0eqlm","CLE","00-0031503","2969939.0","1994-01-06","76.0","231.0","5.0","Florida State","00-0031503_2024","#5","112.0","99","59.0","37.0","3.0","5.0","652.0","9.0","-37.0","12","31.0","0.0","6.585858585858586","0.0505050505050505","0.0303030303030303","0.5959595959595959","0.0202020202020202","2.583333333333333","5.37037037037037","83.39646464646465","9.444444444444445","0.6161616161616161","-3.888245414141414","6.159919350000003","0.0496767689516129","0.4596774193548387","0.0352510979034495","0.0138847763007041","-0.0057381098268965","-0.040496295977208","0.1954575130185511","-0.1734515139909767","-0.0314102421386893","2.612729092745563e-05","0.0022704056859717","2","4","0","0","0.2815303050605","6","61.6","Browns","https://a.espncdn.com/i/teamlogos/nfl/500/cle.png","#FF3C00","#311D00"
"Joe Flacco","Joseph","Flacco","2024","4","-1.2056426","-0.1974451999999996","-0.2295587999999997","19.0","0.25","133.40547575","-36.07806925","https://static.www.nfl.com/image/upload/f_auto,q_auto/league/yxvyoeojkif7tnfviamc","IND","00-0026158","11252.0","1985-01-16","78.0","245.0","15.0","Delaware","00-0026158_2024","#15","186.0","170","113.0","52.0","5.0","9.0","1167.0","13.0","-101.0","4","28.0","0.0","6.864705882352941","0.0529411764705882","0.0294117647058823","0.6647058823529411","0.0235294117647058","7.0","5.579234972677596","91.47058823529412","8.511764705882353","-0.7764705882352941","1.699573855421687","8.791706522599998","0.0435232996168316","0.4603960396039604","-0.0295346297849886","-0.0091577516312664","0.005181440858188","-0.0507426692844581","0.0764859658924572","-0.0287453155636691","0.0238567193272959","2.612729092745563e-05","-0.0005623974782574","2","3","0","1","-0.113604290608","5","55.0","Colts","https://a.espncdn.com/i/teamlogos/nfl/500/ind.png","#002C5F","#a5acaf"
"Drake Maye","Drake","Maye","2024","5","-1.3204737999999998","-0.0005263999999999","0.6658776000000001","20.0","0.4","170.752264","1.2687190000000044","https://static.www.nfl.com/image/upload/f_auto,q_auto/league/iy96wbyjth5ehizc0xq5","NE","00-0039851","4431452.0","2002-08-30","76.0","225.0","10.0","North Carolina","00-0039851_2024","#10","186.0","149","97.0","47.0","5.0","7.0","954.0","14.0","-95.0","23","234.0","1.0","6.402684563758389","0.046979865771812","0.0335570469798657","0.6510067114093959","0.0134228187919463","10.173913043478262","4.748466257668712","84.68959731543623","7.604026845637584","-1.3154362416107384","1.248007493006993","-7.236438214000002","-0.0365476677474747","0.4444444444444444","0.0718039863451243","-0.0444254797305763","0.0198940113412363","-0.0290823234698766","-0.0736188910541923","-0.012881078462254","-0.0244174306887056","2.612729092745563e-05","-0.0004930541922297","2","4","0","0","-0.0976247300615","6","55.3","Patriots","https://a.espncdn.com/i/teamlogos/nfl/500/ne.png","#002244","#C60C30"
"C.J. Stroud","Coleridge","Stroud","2024","10","-1.4064505999999994","-0.5207871999999998","-1.6592859999999996","21.0","0.6","116.5662939","-52.9172511","https://static.www.nfl.com/image/upload/f_auto,q_auto/league/fbk2eqpo54lawppgetjn","HOU","00-0039163","4432577.0","2001-10-03","75.0","218.0","7.0","Ohio State","00-0039163_2024","#7","386.0","328","207.0","115.0","6.0","12.0","2371.0","34.0","-269.0","25","154.0","0.0","7.228658536585366","0.0365853658536585","0.0182926829268292","0.6310975609756098","0.0182926829268292","6.16","5.723756906077348","89.3673780487805","8.338414634146341","-1.0731707317073171","-1.6063641751592357","11.359725503900002","0.0277066475704878","0.4292682926829268","-0.0340181625304607","-0.0450297952154248","-0.0006150841014835","0.0108226124059548","0.0366143001639327","-0.0055868879745722","0.0093401258510824","2.612729092745563e-05","0.0016659133101926","6","4","0","0","0.683024457179","10","54.7","Texans","https://a.espncdn.com/i/teamlogos/nfl/500/hou.png","#03202F","#A71930"
"Tyler Huntley","Tyler","Huntley","2024","2","-1.674629","-0.4225972000000002","-0.4823824000000002","22.0","0.5","61.7241665","-107.7593785","https://static.www.nfl.com/image/upload/f_auto,q_auto/league/ex2ygunvni5o5aabnhbq","MIA","00-0035993","4035671.0","1998-02-03","73.0","205.0","18.0","Utah","00-0035993_2024","#18","80.0","66","39.0","26.0","1.0","1.0","377.0","7.0","-45.0","14","67.0","1.0","5.712121212121212","0.0151515151515151","0.0151515151515151","0.5909090909090909","0.0","4.785714285714286","4.205479452054795","73.86363636363636","9.181818181818182","-0.4696969696969697","-5.230011746031746","-8.551025644000001","-0.0909683579148936","0.351063829787234","-0.0099022384915401","-0.007835542577127","-0.0113573052867455","0.0341956288512065","-0.128610740643597","-0.0591232373257399","0.0354855426725666","2.612729092745563e-05","-0.0025260944137234","1","2","0","1","-0.2374528748899999","3","","Dolphins","https://a.espncdn.com/i/teamlogos/nfl/500/mia.png","#008E97","#F58220"
"Sam Darnold","Sam","Darnold","2024","9","-1.6896934","-0.4363135999999997","0.5697979999999996","22.0","0.7777777777777778","147.76142562222222","-21.72211937777777","https://static.www.nfl.com/image/upload/f_auto,q_auto/league/agjgfwk9jk9ufoac2vpd","MIN","00-0034869","3912547.0","1997-06-05","75.0","225.0","14.0","Southern California","00-0034869_2024","#14","302.0","260","179.0","71.0","10.0","17.0","2141.0","26.0","-176.0","24","159.0","0.0","8.234615384615385","0.0653846153846153","0.0384615384615384","0.6884615384615385","0.0269230769230769","6.625","6.486013986013986","99.5352564102564","8.884615384615385","-0.3115384615384615","7.292643756147541","26.922288547","0.0808477133543543","0.5015015015015015","0.0124286328690118","-0.0387829209331425","0.0233899535689185","-0.058228911881015","0.1370386677923814","-0.0573205290425024","0.006050166996252","0.0001192414470836","0.0029492789171681","7","2","0","0","0.982109879417","9","54.7","Vikings","https://a.espncdn.com/i/teamlogos/nfl/500/min.png","#4F2683","#FFC62F"
"Andy Dalton","Andrew","Dalton","2024","5","-1.8383174","-0.7372900000000004","-0.4456611999999995","24.0","0.2","114.230635","-55.25291","https://static.www.nfl.com/image/upload/f_auto,q_auto/league/az1zo7fl2tozg50tgs0d","CAR","00-0027973","14012.0","1987-10-29","74.0","220.0","14.0","Texas Christian","00-0027973_2024","#14","173.0","160","106.0","48.0","6.0","7.0","989.0","7.0","-37.0","7","38.0","0.0","6.18125","0.04375","0.0375","0.6625","0.0062499999999999","5.428571428571429","4.922155688622754","82.00520833333333","6.6375","-2.0625","-1.1419992371794871","-21.7098012246","-0.1186327935770491","0.4207650273224044","-0.0417483486851455","0.051667583669821","0.0026011475210674","-0.0927006846472238","-0.0060490150034389","-0.0889858226390465","0.0004028053106319","2.612729092745563e-05","-0.0003649764588224","1","5","0","0","-0.0667906919644999","6","55.0","Panthers","https://a.espncdn.com/i/teamlogos/nfl/500-dark/car.png","#0085CA","#000000"
"Daniel Jones","Daniel","Jones","2024","10","-1.9624094","-0.2470420000000001","-0.4770531999999997","23.0","0.2","108.8984852","-60.58505979999999","https://static.www.nfl.com/image/private/f_auto,q_auto/league/zrhniboizqpxtdyz6gez","NYG","00-0035710","3917792.0","1997-05-27","77.0","220.0","8.0","Duke","00-0035710_2024","#8","381.0","337","216.0","114.0","7.0","8.0","2070.0","29.0","-172.0","59","274.0","2.0","6.142433234421365","0.0237388724035608","0.0207715133531157","0.6409495548961425","0.0029673590504451","4.6440677966101696","4.762295081967213","80.34742828882294","7.445103857566766","-1.513353115727003","1.45712482807571","-9.7868222345","-0.0217969314799554","0.4610244988864143","0.0001751222554863","-0.009736556244378","0.0128233495642234","0.0178242202434256","-0.0263864811404221","-0.0644903321373377","-0.0081857938004466","2.612729092745563e-05","-1.1928878273051304e-05","2","8","0","1","-0.0053560663446","10","46.4","Giants","https://a.espncdn.com/i/teamlogos/nfl/500/nyg.png","#0B2265","#A71930"
"Cooper Rush","Cooper","Rush","2024","1","-2.0810857999999994","-0.4156115999999997","-0.4156115999999997","24.0","0.0","-5.191569","-174.67511399999998","https://static.www.nfl.com/image/upload/f_auto,q_auto/league/amuag2qiwa9veml1lhvs","DAL","00-0033662","2972515.0","1993-11-21","75.0","225.0","10.0","Central Michigan","00-0033662_2024","#10","63.0","62","35.0","26.0","1.0","1.0","212.0","1.0","-10.0","3","8.0","0.0","3.419354838709677","0.0161290322580645","0.0161290322580645","0.5645161290322581","0.0","2.6666666666666665","2.8095238095238093","62.02956989247311","6.532258064516129","-1.5161290322580645","-12.68765566935484","-22.216234797","-0.3173747828142857","0.3428571428571428","0.0082535035601315","0.0377489396417179","-0.0828598009384173","0.0234765528937597","-0.1367595684733843","-0.2250549383158615","0.0016409944050894","2.612729092745563e-05","-0.0038512808111942","0","4","0","0","-0.2695896567836","4","","Cowboys","https://a.espncdn.com/i/teamlogos/nfl/500/dal.png","#002244","#B0B7BC"
"Aidan O'Connell","Aidan","O'Connell","2024","2","-2.08578284","-0.3167918400000002","-0.1594222400000001","26.0","0.0","97.7759315","-71.70761349999998","https://static.www.nfl.com/image/upload/f_auto,q_auto/league/aphs7sdbtn8v4zo9pz6w","LV","00-0038579","4260394.0","1998-09-01","75.0","210.0","12.0","Purdue","00-0038579_2024","#12","85.0","82","52.0","28.0","2.0","2.0","455.0","3.0","-28.0","0","0.0","0.0","5.548780487804878","0.024390243902439","0.024390243902439","0.6341463414634146","0.0","","4.435294117647059","76.01626016260163","7.5","-1.7439024390243902","-2.249485401315789","-6.313290797","-0.0709358516516854","0.449438202247191","-0.0368143157255827","0.0517577259980582","-0.0646032454684334","-0.005734178679274","-0.0378939737093393","0.0142909601131914","-0.0481183587570293","2.612729092745563e-05","-0.0011255901856067","0","4","0","0","-0.100177526519","4","48.3","","","",""
"Gardner Minshew","Gardner","Minshew","2024","7","-2.1398166","-0.2829824000000002","-0.7671116000000001","28.0","0.2857142857142857","94.16130085714288","-75.32224414285713","https://static.www.nfl.com/image/upload/f_auto,q_auto/league/zn2kvriijuixffqfx7ob","LV","00-0035289","4038524.0","1996-05-16","73.0","225.0","15.0","Washington State","00-0035289_2024","#15","250.0","219","148.0","63.0","8.0","6.0","1501.0","23.0","-138.0","10","50.0","0.0","6.853881278538813","0.0273972602739726","0.0365296803652968","0.6757990867579908","-0.0091324200913242","5.0","4.640495867768595","80.86948249619482","6.63013698630137","-2.0593607305936072","1.3089844733009706","-26.925681341000004","-0.100095469669145","0.4609665427509293","-0.0388530197032779","-0.0789096460035289","0.0137156585272226","-0.0575052880356083","-0.065918382179704","0.0458635110583817","0.025426928669561","-6.864149345916148e-05","-0.0023133810811933","2","6","0","1","-0.622299510841","8","37.7","","","",""
"Malik Willis","Malik","Willis","2024","2","-2.2671592","0.5928475599999996","1.0016134","29.0","1.0","253.183275","83.69973000000002","https://static.www.nfl.com/image/upload/f_auto,q_auto/league/e6w0hpe2pzefydmhqmr7","GB","00-0038128","4242512.0","1999-05-25","73.0","215.0","2.0","Liberty","00-0038128_2024","#2","52.0","39","29.0","10.0","0.0","3.0","380.0","5.0","-16.0","14","139.0","1.0","9.743589743589745","0.0769230769230769","0.0","0.7435897435897436","0.0769230769230769","9.928571428571429","9.636363636363637","130.28846153846155","6.717948717948718","-2.871794871794872","5.6227441710526325","22.474425431","0.3684332037868852","0.4098360655737705","0.1091337532088435","0.0253684541616243","0.0706890351604117","0.0808828628937597","-0.0976904136537121","0.1707546223839042","-0.0468846452904609","2.612729092745563e-05","0.0124342980236065","3","1","0","0","0.75849217944","4","88.1","Packers","https://a.espncdn.com/i/teamlogos/nfl/500/gb.png","#203731","#FFB612"
"Deshaun Watson","Derrick","Watson","2024","7","-2.3544486","-0.1317283999999995","-2.518634","28.0","0.1428571428571428","28.56712171428571","-140.91642328571427","https://static.www.nfl.com/image/private/f_auto,q_auto/league/otfs2docj6eahaebo5xn","CLE","00-0033537","3122840.0","1995-09-14","75.0","221.0","4.0","Clemson","00-0033537_2024","#4","270.0","216","137.0","76.0","3.0","5.0","1148.0","33.0","-191.0","28","149.0","1.0","5.314814814814815","0.0231481481481481","0.0138888888888888","0.6342592592592593","0.0092592592592592","5.321428571428571","3.70281124497992","79.01234567901234","7.263888888888889","-2.810185185185185","-2.2256618547619045","-62.958992932","-0.2126993004459459","0.3479729729729729","-0.0207721209755827","-0.0894322456478573","0.0149921296837834","0.0328822014072732","-0.1705174444767627","0.0010077645892542","-0.0370391242387329","2.612729092745563e-05","-0.0038798560497003","1","6","0","0","-1.1484373907113","7","22.3","Browns","https://a.espncdn.com/i/teamlogos/nfl/500/cle.png","#FF3C00","#311D00"
"Anthony Richardson","Anthony","Richardson","2024","6","-2.5376414","-0.5676648","-1.2207148000000003","30.0","0.5","64.73150583333333","-104.75203916666663","https://static.www.nfl.com/image/upload/f_auto,q_auto/league/areyvihumylqo7y2ehk2","IND","00-0039164","4429084.0","2002-05-22","76.0","232.0","5.0","Florida","00-0039164_2024","#5","153.0","131","59.0","65.0","7.0","4.0","958.0","9.0","-65.0","34","261.0","1.0","7.312977099236641","0.0305343511450381","0.0534351145038167","0.4503816793893129","-0.0229007633587786","7.676470588235294","4.7","57.99936386768447","13.02290076335878","3.7022900763358777","-14.6326479","-14.607941422730002","-0.0811552301262777","0.3777777777777777","0.0567630253244172","0.0325255168956862","-0.0805448777471475","-0.0742959246062403","0.0453060188193934","-0.091975721432052","-0.0251134659361804","2.6780013538566743e-05","-0.0015424810415555","3","3","0","1","-0.27764658748","6","","Colts","https://a.espncdn.com/i/teamlogos/nfl/500/ind.png","#002C5F","#a5acaf"
"Mac Jones","Michael","Jones","2024","1","-2.5563559599999994","-0.4724641600000001","-0.4724641600000001","25.0","0.0","-33.850693","-203.334238","https://static.www.nfl.com/image/upload/f_auto,q_auto/league/pedpdxybeus7mrovsoko","JAX","00-0036972","4241464.0","1998-09-05","75.0","214.0","10.0","Alabama","00-0036972_2024","#10","38.0","31","20.0","9.0","2.0","0.0","139.0","5.0","-51.0","4","8.0","1.0","4.483870967741935","0.0","0.064516129032258","0.6451612903225806","-0.064516129032258","2.0","-0.0555555555555555","47.64784946236559","6.516129032258065","-3.645161290322581","-3.50580395","-16.376041009999998","-0.3899057383333333","0.3333333333333333","0.0053665504648934","-0.1462437351201867","-0.0094012347193697","-0.0501034871062402","-0.1515754443305271","-0.131757743439671","0.037629812976518","2.612729092745563e-05","-0.0109512569867547","0","3","0","0","-0.4599527934437","3","","Jaguars","https://a.espncdn.com/i/teamlogos/nfl/500/jax.png","#006778","#000000"
"Jacoby Brissett","Jacoby","Brissett","2024","5","-2.5861878","-0.1961696","-1.6932124000000004","28.0","0.2","23.461018","-146.022527","https://static.www.nfl.com/image/upload/f_auto,q_auto/league/dps7iuuc2zwl68yppqux","NE","00-0033119","2578570.0","1992-12-11","76.0","235.0","7.0","North Carolina State","00-0033119_2024","#7","185.0","158","94.0","63.0","1.0","2.0","825.0","18.0","-119.0","12","64.0","0.0","5.2215189873417724","0.0126582278481012","0.0063291139240506","0.5949367088607594","0.0063291139240506","5.333333333333333","3.9829545454545454","75.0","6.917721518987341","-2.050632911392405","-2.542972540540541","-30.23105641308","-0.1519148563471356","0.4170854271356783","-0.0152136865215626","-0.0415459032154248","-0.0456307586054668","0.0427545277178803","-0.131732504784942","-0.0042258804506784","-0.0125013249057504","2.726146338976719e-05","-0.0041580301527638","2","4","0","1","-0.8274480004000001","6","43.8","Patriots","https://a.espncdn.com/i/teamlogos/nfl/500/ne.png","#002244","#C60C30"
"Tim Boyle","Timothy","Boyle","2024","1","-2.7610306","-0.1961448000000001","-0.1961448000000001","30.0","0.0","42.574978","-126.908567","https://static.www.nfl.com/image/upload/f_auto,q_auto/league/zmfyonfo6ohn5bxqwaxg","MIA","00-0034177","3045169.0","1994-10-03","76.0","233.0","14.0","Eastern Kentucky","00-0034177_2024","#14","28.0","25","15.0","10.0","0.0","0.0","153.0","1.0","-9.0","2","10.0","0.0","6.12","0.0","0.0","0.6","0.0","5.0","5.538461538461538","77.58333333333334","6.96","-2.64","-7.551166958333333","-5.24629533","-0.1748765109999999","0.4666666666666667","-0.0151684557255827","0.0571657467845751","-0.268947517052703","0.0808828628937597","-0.0674591020400509","-0.0308514140587186","0.0133218201193751","2.612729092745563e-05","-0.0019223745914666","0","2","0","0","-0.0576712377439999","2","","Dolphins","https://a.espncdn.com/i/teamlogos/nfl/500/mia.png","#008E97","#F58220"
"Spencer Rattler","Spencer","Rattler","2024","3","-2.9295005999999995","-0.3443467999999995","-0.9431491999999996","31.0","0.0","10.24702846666667","-159.23651653333332","https://static.www.nfl.com/image/upload/f_auto,q_auto/league/xhllpfkd4hrpbwczbca6","NO","00-0039376","4426339.0","2000-09-28","72.0","218.0","18.0","South Carolina","00-0039376_2024","#18","119.0","99","59.0","38.0","2.0","1.0","571.0","14.0","-73.0","7","62.0","0.0","5.767676767676767","0.0101010101010101","0.0202020202020202","0.5959595959595959","-0.0101010101010101","8.857142857142858","3.787610619469026","70.72811447811448","7.161616161616162","-2.484848484848485","-9.043088166666664","-53.6324075946","-0.4190031843328125","0.359375","0.0069302368994172","-0.1451361761841748","-0.045854418443328","0.0151005769562597","-0.1750773590749468","-0.0935528592618436","-0.0375927295681248","2.612729092745563e-05","-0.0064508746908578","0","3","0","0","-0.8257119604298","3","","Saints","https://a.espncdn.com/i/teamlogos/nfl/500/no.png","#D3BC8D","#000000"
"Will Levis","Will","Levis","2024","6","-3.3641403999999997","0.1690164000000004","-0.7149069999999995","26.0","0.1666666666666666","54.03576771666667","-115.44777728333332","https://static.www.nfl.com/image/upload/f_auto,q_auto/league/vr01ufscgtoagtuut9o4","TEN","00-0039152","4361418.0","1999-06-27","76.0","232.0","8.0","Kentucky","00-0039152_2024","#8","185.0","148","101.0","40.0","7.0","7.0","874.0","22.0","-119.0","21","147.0","0.0","5.905405405405405","0.0472972972972973","0.0472972972972973","0.6824324324324325","0.0","7.0","3.411764705882353","79.61711711711712","8.067567567567568","-1.7432432432432432","4.604639278169014","-34.924559345999995","-0.1746227967299999","0.41","0.0068798055494172","-0.0947839022654248","0.0513957837472969","-0.0546926561262403","-0.0571355151583843","-0.0893967424679686","0.0069308881193751","2.612729092745563e-05","-0.0067700096132449","1","5","0","0","-1.354001922649","6","31.8","Titans","https://a.espncdn.com/i/teamlogos/nfl/500/ten.png","#002244","#4B92DB"
"Caleb Williams","Caleb","Williams","2024","9","-3.4161877999999994","-0.8075279999999998","-1.4298364","27.0","0.4444444444444444","58.60868422222222","-110.87486077777776","https://static.www.nfl.com/image/upload/f_auto,q_auto/league/idewrhb7kngpdtrvku31","CHI","00-0039918","4431611.0","2001-11-18","73.0","215.0","18.0","Southern California","00-0039918_2024","#18","354.0","293","178.0","110.0","5.0","9.0","1785.0","38.0","-259.0","34","241.0","0.0","6.092150170648464","0.030716723549488","0.0170648464163822","0.6075085324232082","0.0136518771331058","7.088235294117647","4.474320241691843","81.22155858930604","8.075085324232083","-1.0034129692832765","-1.3151672388888889","-24.36617025232","-0.0616865069678987","0.4126582278481012","-0.0076523564471017","-0.0562430290128932","-0.0203178363691587","0.0339847049190761","-0.0407299606878146","-0.0486615119397313","0.0217539432839321","2.612729092745563e-05","-0.0002652782015772","4","5","0","1","-0.1047848896229999","9","38.4","Bears","https://a.espncdn.com/i/teamlogos/nfl/500/chi.png","#0B162A","#E64100"
"Skylar Thompson","Skylar","Thompson","2024","1","-3.6436298","-0.3970556000000005","-0.3970556000000005","32.0","0.0","-38.779274","-208.262819","https://static.www.nfl.com/image/upload/f_auto,q_auto/league/pfzzkuppkzuy1obzuf0m","MIA","00-0037327","4036419.0","1997-06-04","74.0","221.0","19.0","Kansas State","00-0037327_2024","#19","40.0","33","21.0","12.0","0.0","0.0","187.0","6.0","-44.0","1","4.0","0.0","5.666666666666667","0.0","0.0","0.6363636363636364","0.0","4.0","3.6666666666666665","78.72474747474747","6.96969696969697","-2.393939393939394","2.22614959375","-17.97497826342","-0.4384141039858536","0.2926829268292683","-0.0968391352377778","-0.1797035076056688","-0.1144781592722152","0.0808828628937597","-0.132577591566555","-0.0320417362782308","-0.0198363948220882","2.612729092745563e-05","-0.0049093696029268","0","2","0","0","-0.20128415372","2","","Dolphins","https://a.espncdn.com/i/teamlogos/nfl/500/mia.png","#008E97","#F58220"
"Bryce Young","Bryce","Young","2024","5","-3.837875","0.2349812000000002","-0.2248903999999998","28.0","0.4","53.5997478","-115.88379719999998","https://static.www.nfl.com/image/upload/f_auto,q_auto/league/gdmtmmviwadpobyjogal","CAR","00-0039150","4685720.0","2001-07-25","70.0","194.0","9.0","Alabama","00-0039150_2024","#9","176.0","153","92.0","55.0","6.0","4.0","820.0","11.0","-65.0","13","74.0","1.0","5.359477124183006","0.0261437908496732","0.0392156862745098","0.6013071895424836","-0.0130718954248366","5.6923076923076925","3.4451219512195124","66.89814814814814","7.810457516339869","-1.1111111111111112","-3.432507341379311","-47.027144984","-0.2514820587379679","0.3529411764705882","-0.0085246196132832","0.002957310153559","-0.0492400348441469","-0.0427100563575772","-0.0785824162771276","-0.1067350991175421","-0.0248266821266141","2.612729092745563e-05","-0.0046274253130058","2","5","0","1","-0.8653285335320999","7","","Panthers","https://a.espncdn.com/i/teamlogos/nfl/500-dark/car.png","#0085CA","#000000"